ref,categorie,title,price,tags,description,image
 B4084600,rings,Love ring,1650.0,yellow gold,"Love ring, 18K yellow gold. Width: 5.5mm.",/content/dam/rcq/car/58/71/74/587174.png
 B4084900,rings,Love ring,3650.0,platinum,"Love ring, 950/1000 platinum. Width: 5.5mm.",/content/dam/rcq/car/19/43/98/1/1943981.png
 B4084800,rings,Love ring,1650.0,pink gold,"Love ring, 18K rose gold. Width: 5.5mm.",/content/dam/rcq/car/10/28/64/0/1028640.png
 B4084700,rings,Love ring,1770.0,white gold,"Love ring, 18K white gold. Width: 5.5mm.",/content/dam/rcq/car/10/28/63/6/1028636.png
 B4085000,rings,Love wedding band,1070.0,yellow gold,"Love wedding band, 18K yellow gold. Width: 3.6mm.",/content/dam/rcq/car/59/18/04/591804.png
 B4085200,rings,Love wedding band,1070.0,pink gold,"Love wedding band, 18K rose gold. Width: 3.6mm.",/content/dam/rcq/car/58/73/14/587314.png
 B4085100,rings,Love wedding band,1140.0,white gold,"Love wedding band, 18K white gold. Width: 3.6mm.",/content/dam/rcq/car/59/22/21/592221.png
 B4085300,rings,Love wedding band,2380.0,platinum,"Love wedding band, 950/1000 platinum. Width: 3.6mm.",/content/dam/rcq/car/62/40/10/624010.png
 B4032400,rings,"Love ring, 3 diamonds",3500.0,"yellow gold, diamonds","Love ring, 18K yellow gold, set with 3 brilliant-cut diamonds totaling 0.22 carats. Width: 5.5mm.",/content/dam/rcq/car/58/47/16/584716.png
 B4087500,rings,"Love ring, 3 diamonds",3500.0,"pink gold, diamonds","Love ring, 18K rose gold, set with 3 brilliant-cut diamonds totaling 0.22 carats. Width: 5.5mm.",/content/dam/rcq/car/58/39/70/583970.png
 B4032500,rings,"Love ring, 3 diamonds",3750.0,"white gold, diamonds","Love ring, 18K white gold, set with 3 brilliant-cut diamonds totaling 0.22 carats. Width: 5.5mm.",/content/dam/rcq/car/58/36/97/583697.png
 B4056100,rings,"Love wedding band, 1 diamond",2020.0,"yellow gold, diamond","Love wedding band, 18K yellow gold, set with 1 brilliant-cut diamonds totaling 0.02 carats. Width: 4mm.",/content/dam/rcq/car/63/23/97/632397.png
 B4050700,rings,"Love wedding band, 1 diamond",2020.0,"pink gold, diamond","Love wedding band, 18K rose gold, set with 1 brilliant-cut diamonds totaling 0.02 carats. Width: 4mm.",/content/dam/rcq/car/59/04/56/590456.png
 B4050500,rings,"Love wedding band, 1 diamond",2160.0,"white gold, diamond","Love wedding band, 18K white gold, set with 1 brilliant-cut diamond totaling 0.02 carats. Width: 4mm.",/content/dam/rcq/car/58/35/46/583546.png
 B4097500,rings,Love ring,5250.0,"pink gold, diamonds","Love ring, 18K pink gold, set with 6 brilliant-cut diamonds totaling 0.46 carat. Width 5.5 mm.",/content/dam/rcq/car/96/38/85/963885.png
 B4056200,rings,"Love wedding band, 8 diamonds",3550.0,"yellow gold, diamonds","Love wedding band, 18K yellow gold, set with 8 brilliant-cut diamonds totaling 0.19 carats. Width: 4mm.",/content/dam/rcq/car/63/24/04/632404.png
 B4050800,rings,"Love wedding band, 8 diamonds",3550.0,"pink gold, diamonds","Love wedding band, 18K rose gold, set with 8 brilliant-cut diamonds totaling 0.19 carats. Width: 4mm.",/content/dam/rcq/car/63/24/01/632401.png
 B4050600,rings,"Love wedding band, 8 diamonds",3800.0,"white gold, diamonds","Love wedding band, 18K white gold, set with 8 brilliant-cut diamond totaling 0.19 carats. Width: 4mm.",/content/dam/rcq/car/58/38/22/583822.png
 B4218000,rings,"Love ring, SM",4500.0,"yellow gold, diamonds","Love ring, small model, 18K yellow gold, set with 72 brilliant-cut diamonds totaling 0.19 carats. Width: 2.6mm.",/content/dam/rcq/car/10/57/33/0/1057330.png
 B4218100,rings,"Love ring, SM",4500.0,"pink gold, diamonds","Love ring, small model, 18K pink gold, set with 72 brilliant-cut diamonds totaling 0.19 carats. Width: 2.6mm.",/content/dam/rcq/car/10/57/33/2/1057332.png
 B4218200,rings,"Love ring, SM",4800.0,"white gold, diamonds","Love ring, small model, 18K white gold, set with 72 brilliant-cut diamonds totaling 0.19 carats. Width: 2.6mm.",/content/dam/rcq/car/10/57/33/4/1057334.png
 B4083300,rings,"Love wedding band, diamond-paved",6650.0,"yellow gold, diamonds","Love wedding band, 18K yellow gold, set with 88 brilliant-cut diamonds totaling 0.31 carats. 4mm to 5mm width following metrics.",/content/dam/rcq/car/63/23/98/632398.png
 B4085800,rings,"Love wedding band, diamond-paved",6650.0,"pink gold, diamonds","Love wedding band, 18K rose gold, set with 88 brilliant-cut diamonds totaling 0.31 carats. 4 to 5 width following sizes.",/content/dam/rcq/car/63/24/07/632407.png
 B4083400,rings,"Love wedding band, diamond-paved",7100.0,"white gold, diamonds","Love wedding band, 18K white gold, set with 88 brilliant-cut diamond totaling 0.31 carats. 4mm to 5mm width following sizes.",/content/dam/rcq/car/63/24/06/632406.png
 B4087600,rings,"Love ring, diamond-paved",8800.0,"pink gold, diamonds","Love ring, 18K pink gold, set with 66 brilliant-cut diamonds totaling 0.70 carat. Width: 6.5 mm.",/content/dam/rcq/car/58/62/96/586296.png
 B4207600,rings,"Love ring, diamond-paved, ceramic",10900.0,"white gold, ceramic, diamonds","Love ring, 18K white gold, black ceramic, set with 66 brilliant-cut diamonds totaling 0.74 carats. Width: 6.5mm.",/content/dam/rcq/car/58/77/67/587767.png
 N4210400,rings,"Love ring, diamond-paved",14900.0,"white gold, diamonds","Love ring, 18K white gold, set with 72 brilliant-cut diamonds totaling 1.26 carats. Width: 6.5mm.",/content/dam/rcq/car/19/44/00/0/1944000.png
 B4064400,rings,"Love ring, pink sapphires",2380.0,"pink gold, sapphire","Love ring, 18K rose gold, set with 1 rose sapphire. Width: 5.5mm.",/content/dam/rcq/car/63/24/00/632400.png
 B4087800,rings,Love ring,2760.0,"pink gold, sapphires, garnets, amethyst","Love ring, 18K rose gold, set with 1 rose sapphire, 1 blue sapphire, 1 yellow sapphire, 1 green garnet, 1 orange garnet and 1 amethyst. Width: 5.5mm.",/content/dam/rcq/car/63/24/02/632402.png
 B4227800,rings,Love ring,3250.0,yellow gold,"Love ring, 18K yellow gold.",/content/dam/rcq/car/19/21/91/4/1921914.png
 B4227900,rings,Love ring,3500.0,white gold,"Love ring, 18K white gold.",/content/dam/rcq/car/16/48/33/4/1648334.png
 B4094300,rings,"Love ring, 6 diamonds",3500.0,"pink gold, white gold, diamonds","Love ring, 18K rose gold, 18K white gold, set with 6 brilliant-cut diamonds totaling 0.07 carats. White gold width 2.6mm. Rose gold width 3.5mm.",/content/dam/rcq/car/19/43/99/1/1943991.png
 B4094600,rings,"Love ring, diamond-paved",6450.0,"pink gold, white gold, diamonds","Love ring, 18K rose gold, 18K white gold, set with 52 brilliant-cut diamonds totaling 0.19 carats. White gold width 2.6mm. Rose gold width 3.5mm.",/content/dam/rcq/car/19/43/99/2/1943992.png
 N4742200,rings,Panthère de Cartier ring,20700.0,"pink gold, diamonds, emeralds, onyx","Panthère de Cartier ring, 18K pink gold, set with 137 brilliant-cut diamonds totaling 1.15 carats, emeralds, onyx.",/content/dam/rcq/car/14/41/41/5/1441415.png
 B4221600,rings,Panthère de Cartier ring,7550.0,"yellow gold, tsavorite garnets, onyx","Panthère de Cartier ring, 18K yellow gold, onyx, black lacquer, set with 2 tsavorite garnets.",/content/dam/rcq/car/16/49/50/5/1649505.png
 N4722400,rings,Panthère de Cartier ring,78500.0,"white gold, emeralds, onyx, diamonds","Panthère de Cartier ring, 18K white gold, set with 545 brilliant-cut diamonds (1.47 carats), emeralds and onyx.",/content/dam/rcq/car/59/84/12/598412.png
 H4078300,rings,Panthère de Cartier ring,132000.0,"platinum, sapphires, emeralds, diamonds","Ring - platinum, sapphires, emerald eyes, onyx, 461 brilliant-cut diamonds totaling 4.90 carats.",/content/dam/rcq/car/15/54/61/9/1554619.png
 B4230000,rings,Panthère de Cartier ring,3150.0,"pink gold, tsavorite garnets, onyx","Panthère de Cartier ring, 18K pink gold, onyx, set with 2 tsavorite garnets.",/content/dam/rcq/car/18/11/85/2/1811852.png
 B4230100,rings,Panthère de Cartier ring,3150.0,"yellow gold, tsavorite garnets, onyx","Panthère de Cartier ring, 18K yellow gold, onyx, set with 2 tsavorite garnets.",/content/dam/rcq/car/18/11/85/1/1811851.png
 B4085900,rings,Panthère de Cartier ring,6000.0,"yellow gold, onyx, tsavorite garnet","Panthère de Cartier ring, 18K yellow gold. Tsavorite garnets, onyx.",/content/dam/rcq/car/58/62/99/586299.png
 B4215900,rings,Panthère de Cartier ring,6000.0,"pink gold, tsavorite garnets, onyx","Panthère de Cartier ring, 18K pink gold, tsavorite garnets, onyx.",/content/dam/rcq/car/10/22/49/4/1022494.png
 B4230800,rings,Panthère de Cartier ring,6100.0,"yellow gold, tsavorite garnets, onyx","Panthère de Cartier ring, 18K yellow gold, onyx, black lacquer, set with 2 tsavorite garnets.",/content/dam/rcq/car/18/11/85/3/1811853.png
 B4099500,rings,Panthère de Cartier ring,6450.0,"white gold, tsavorite garnets, onyx","Panthère de Cartier ring, 18K white gold, tsavorite garnets, onyx.",/content/dam/rcq/car/58/42/06/584206.png
 B4096700,rings,Panthère de Cartier ring,7550.0,"yellow gold, lacquer, diamonds, tsavorite garnet","Panthère de Cartier ring, 18K yellow gold, black lacquer, set with 5 brilliant-cut diamonds totaling 0.02 carat. Tsavorite garnet.",/content/dam/rcq/car/62/08/05/620805.png
 B4221400,rings,Panthère de Cartier ring,7550.0,"pink gold, tsavorite garnets, onyx, black lacquer, diamonds","Panthère de Cartier ring, 18K pink gold, set with 5 brilliant-cut diamonds totaling 0.02 carats. Tsavorite garnets, onyx, black lacquer.",/content/dam/rcq/car/14/65/62/0/1465620.png
 B4221700,rings,Panthère de Cartier ring,7550.0,"pink gold, tsavorite garnets, onyx","Panthère de Cartier ring, 18K pink gold, onyx, black lacquer, set with 2 tsavorite garnets.",/content/dam/rcq/car/16/49/50/6/1649506.png
 N4765700,rings,Panthère de Cartier ring,9850.0,"pink gold, onyx, emeralds, diamonds","Panthère de Cartier ring, 18K pink gold, onyx, set with 2 emeralds and 72 brilliant-cut diamonds totaling 0.68 carat.",/content/dam/rcq/car/18/11/85/7/1811857.png
 N4765800,rings,Panthère de Cartier ring,9850.0,"yellow gold, emeralds, onyx, diamonds","Panthère de Cartier ring, 18K yellow gold, onyx, set with 2 emeralds and 72 brilliant-cut diamonds totaling 0.68 carat.",/content/dam/rcq/car/18/11/85/8/1811858.png
 N4765900,rings,Panthère de Cartier ring,10600.0,"white gold, emeralds, onyx, diamonds","Panthère de Cartier ring, 18K white gold, onyx, set with 2 emeralds and 72 brilliant-cut diamonds totaling 0.68 carat.",/content/dam/rcq/car/18/11/85/9/1811859.png
 B4074100,rings,Panthère de Cartier ring,11200.0,"yellow gold, lacquer, tsavorite garnet, onyx","Panthère de Cartier ring, 18K yellow gold and black lacquer. Tsavorite garnets, onyx.",/content/dam/rcq/car/15/17/90/9/1517909.png
 N4765500,rings,Panthère de Cartier ring,12900.0,"yellow gold, emeralds, onyx, diamonds","Panthère de Cartier ring, 18K yellow gold, onyx, set with 2 emeralds and 112 brilliant-cut diamonds totaling 0.95 carat.",/content/dam/rcq/car/18/11/85/5/1811855.png
 N4744000,rings,Panthère de Cartier ring,13600.0,"yellow gold, onyx, tsavorite garnets, diamonds","Panthère de Cartier ring, 18K yellow gold, set with 17 brilliant-cut diamonds totaling 0.04 carats. Tsavorite garnets, onyx.",/content/dam/rcq/car/10/54/39/0/1054390.png
 N4765600,rings,Panthère de Cartier ring,13900.0,"white gold, emeralds, onyx, diamonds","Panthère de Cartier ring, 18K white gold, onyx, set with 2 emeralds and 112 brilliant-cut diamonds totaling 0.95 carat.",/content/dam/rcq/car/18/11/85/6/1811856.png
 N4244700,rings,Panthère de Cartier ring,19500.0,"white gold, diamonds, emeralds, onyx","Panthère de Cartier ring, 18K white gold, set with 81 brilliant-cut diamonds totaling 0.75 carat. Emeralds, onyx.",/content/dam/rcq/car/59/21/32/592132.png
 N4722500,rings,Panthère de Cartier ring,20000.0,"yellow gold, tsavorite garnets, onyx","Panthère de Cartier ring, 18K yellow gold, tsavorite garnets, onyx.",/content/dam/rcq/car/59/84/08/598408.png
 N4225000,rings,Panthère de Cartier ring,20700.0,"yellow gold, diamonds, emeralds, onyx","Panthère de Cartier ring, 18K yellow gold, set with 137 brilliant-cut diamonds totaling 1.15 carats. Emeralds, onyx.",/content/dam/rcq/car/14/41/41/2/1441412.png
 N4730900,rings,Panthère de Cartier ring,21400.0,"non-rhodiumized white gold, tsavorite garnets, onyx","Panthère de Cartier ring, non-rhodiumized 18K white gold, set with 2 tsavorite garnets eyes and an onyx nose.",/content/dam/rcq/car/77/79/61/777961.png
 N4224900,rings,Panthère de Cartier ring,22200.0,"white gold, diamonds, emeralds, onyx","Panthère de Cartier ring, 18K white gold, set with 137 brilliant-cut diamonds totaling 1.15 carats. Emeralds, onyx.",/content/dam/rcq/car/14/41/40/9/1441409.png
 N4193100,rings,Panthère de Cartier ring,25300.0,"yellow gold, lacquer, peridots, onyx","Panthère de Cartier ring, 18K yellow gold and black lacquer. Peridots, onyx.",/content/dam/rcq/car/61/34/77/613477.png
 N4744100,rings,Panthère de Cartier ring,25900.0,"white gold, emeralds, onyx, diamonds","Panthère de Cartier ring, 18K white gold, set with 171 brilliant-cut diamonds totaling 0.89 carats. Emeralds, onyx.",/content/dam/rcq/car/10/54/43/2/1054432.png
 N4767700,rings,Panthère de Cartier ring,35700.0,"yellow gold, emeralds, onyx, diamonds","Panthère de Cartier ring, 18K yellow gold, onyx, set with 2 emeralds and 242 brilliant-cut diamonds totaling 2.21 carats.",/content/dam/rcq/car/18/12/60/5/1812605.png
 N4225200,rings,Panthère de Cartier ring,37100.0,"white gold, diamonds, emeralds, onyx","Panthère de Cartier ring, 18K white gold, set with 285 diamonds totaling 2.39 carats. Emeralds, onyx.",/content/dam/rcq/car/58/61/93/586193.png
 N4748900,rings,Panthère de Cartier ring,37600.0,"white gold, emeralds, onyx, diamonds","Panthère de Cartier ring, 18K white gold, onyx, set with 2 emeralds and 264 brilliant-cut diamonds totaling 1.66 carats.",/content/dam/rcq/car/16/49/50/7/1649507.png
 N4767800,rings,Panthère de Cartier ring,38200.0,"white gold, emeralds, onyx, diamonds","Panthère de Cartier ring, 18K white gold, onyx, set with 2 emeralds and 242 brilliant-cut diamonds totaling 2.21 carats.",/content/dam/rcq/car/18/12/71/6/1812716.png
 H4179600,rings,Panthère de Cartier ring,171000.0,"white gold, emeralds, onyx, diamonds","Ring - white gold, pear-shaped emerald eyes, onyx, brilliant-cut diamonds.",/content/dam/rcq/car/58/47/11/584711.png
 H4183300,rings,Panthère de Cartier ring,217000.0,"platinum, sapphires, emeralds, onyx, diamonds","Ring - 950‰ platinum, 700 brilliant-cut diamonds totaling 5.05 carats, sapphires, emeralds, onyx.",/content/dam/rcq/car/10/16/77/8/1016778.png
 N4211000,rings,Panthère de Cartier ring,55500.0,"white gold, diamonds, emeralds, onyx","Panthère de Cartier ring, 18K white gold, set with 365 brilliant-cut diamonds totaling 2.55 carats. Emeralds, onyx.",/content/dam/rcq/car/59/34/76/593476.png
 H4275500,rings,Panthère de Cartier ring,57000.0,"white gold, emeralds, onyx, diamonds","Panthère de Cartier ring, 18K white gold, set with 292 brilliant-cut diamonds (1.63 carats), emeralds and onyx.",/content/dam/rcq/car/58/85/46/588546.png
 H4226300,rings,Panthère de Cartier ring,183000.0,"platinum, emeralds, onyx, diamonds","Ring - 950‰ platinum, 700 brilliant-cut diamonds totaling 5.05 carats, emeralds, onyx.",/content/dam/rcq/car/10/18/10/4/1018104.png
 B4083200,rings,Caresse d’Orchidées par Cartier ring,4000.0,"pink gold, diamonds","Caresse d'Orchidées par Cartier ring, 18K pink gold, set with 2 brilliant-cut diamonds totaling 0.03 carat.",/content/dam/rcq/car/15/08/65/9/1508659.png
 N4251300,rings,Les Oiseaux Libérés ring,47900.0,"white gold, sapphires, emeralds, onyx, black ceramic, diamonds","Les Oiseaux Libérés ring - white gold, sapphires, emerald eyes, ceramic, onyx, brilliant-cut diamonds",/content/dam/rcq/car/59/13/11/591311.png
 H4312000,rings,Les Oiseaux Libérés ring,65000.0,"white gold, sapphires, emeralds, mother-of-pearl, diamonds","Les Oiseaux Libérés ring, 18K white gold, gray mother-of-pearl, emeralds, sapphire beads, set with 147 brilliant-cut diamonds totaling 1.00 carat.",/content/dam/rcq/car/10/22/64/2/1022642.png
 H4300800,rings,Les Oiseaux Libérés ring,68500.0,"white gold, sapphires, emeralds, mother-of-pearl, diamonds","Les Oiseaux Libérés ring, 18K white gold, gray mother-of pearl, emerald, sapphire, set with 446 brilliant-cut diamonds totaling 2.68 carats.",/content/dam/rcq/car/91/02/64/910264.png
 H4317000,rings,Les Oiseaux Libérés ring,78000.0,"white gold, emeralds, diamonds","Les Oiseaux Libérés ring, 18K white gold, emeralds, set with 223 brilliant-cut diamonds totaling 3.50 carats.",/content/dam/rcq/car/99/97/17/999717.png
 H4317100,rings,Les Oiseaux Libérés ring,85500.0,"yellow gold, emeralds, onyx, diamonds","Les Oiseaux Libérés ring, 18K yellow gold, emeralds, onyx, set with 175 brilliant-cut diamonds totaling 4.10 carats.",/content/dam/rcq/car/99/95/82/999582.png
 H4226000,rings,Faune et Flore de Cartier ring,143000.0,"platinum, emeralds, diamonds","Ring - 950‰ platinum, 749 brilliant-cut diamonds totaling 5.45 carats, emeralds.",/content/dam/rcq/car/96/29/77/962977.png
 N4747200,rings,Cactus de Cartier ring,11800.0,"yellow gold, diamonds","Cactus de Cartier ring, 18K yellow gold, set with 6 brilliant-cut diamonds totaling 0.27 carats.",/content/dam/rcq/car/10/54/17/6/1054176.png
 B4220100,rings,Cactus de Cartier wedding band,3500.0,"yellow gold, diamonds","Cactus de Cartier wedding band, 18K yellow gold, set with 15 brilliant-cut diamonds totaling 0.32 carats.",/content/dam/rcq/car/14/37/76/7/1437767.png
 B4220300,rings,Cactus de Cartier wedding band,3500.0,"pink gold, diamonds","Cactus de Cartier wedding band, 18K pink gold, set with 15 brilliant-cut diamonds totaling 0.3 carats.",/content/dam/rcq/car/14/37/77/1/1437771.png
 B4220200,rings,Cactus de Cartier wedding band,3750.0,"white gold, diamonds","Cactus de Cartier wedding band, 18K white gold, set with 15 brilliant-cut diamonds totaling 0.32 carats.",/content/dam/rcq/car/14/37/76/9/1437769.png
 B4224500,rings,Cactus de Cartier ring,4350.0,"pink gold, diamond","Cactus de Cartier ring, 18K pink gold, set with 1 brilliant-cut diamond totaling 0.018 carats.",/content/dam/rcq/car/14/69/51/1/1469511.png
 B4221500,rings,Cactus de Cartier ring,5700.0,"pink gold, diamond","Cactus de Cartier ring, 18K pink gold, set with 1 brilliant-cut diamond totaling 0.018 carats.",/content/dam/rcq/car/14/69/28/7/1469287.png
 N4748500,rings,Cactus de Cartier ring,15400.0,"pink gold, diamonds","Cactus de Cartier ring, 18K pink gold, set with 19 brilliant-cut diamonds totaling 0.47 carats.",/content/dam/rcq/car/14/69/51/4/1469514.png
 N4747300,rings,Cactus de Cartier ring,18500.0,"yellow gold, diamonds","Cactus de Cartier ring, 18K yellow gold, set with 12 brilliant-cut diamonds totaling 0.41 carat.",/content/dam/rcq/car/10/54/24/6/1054246.png
 N4748300,rings,Cactus de Cartier ring,18500.0,"pink gold, spinels, diamonds","Cactus de Cartier ring, 18K pink gold, set with 9 spinels and 5 brilliant-cut diamonds totaling 0.09 carats.",/content/dam/rcq/car/14/69/51/2/1469512.png
 N4753500,rings,Cactus de Cartier ring,28400.0,"yellow gold, diamonds","Cactus de Cartier ring, 18K yellow gold, set with 86 brilliant-cut diamonds totaling 2.03 carats.",/content/dam/rcq/car/16/49/51/4/1649514.png
 H4323300,rings,Cactus de Cartier ring,74500.0,"yellow gold, emeralds, carnelians, diamonds","Cactus de Cartier ring, 18K yellow gold, emeralds, carnelians, set with a brilliant-cut diamond of 0.10 carats.",/content/dam/rcq/car/10/54/16/8/1054168.png
 N4747400,rings,Cactus de Cartier ring,14800.0,"yellow gold, diamonds","Diabolo de Cartier ring, 18K yellow gold, set with 6 brilliant-cut diamonds totaling 0.40 carat.",/content/dam/rcq/car/10/54/34/6/1054346.png
 H4347000,rings,Cactus de Cartier ring,39900.0,"yellow gold, chrysoprase, lapis lazuli, diamonds","Cactus de Cartier ring, 18K yellow gold, set with 16 chrysoprases, 14 lapis lazulis and 36 brilliant-cut diamonds totaling 0.53 carats.",/content/dam/rcq/car/16/43/46/7/1643467.png
 B4038900,rings,"Trinity ring, classic",12400.0,"white gold, yellow gold, pink gold, diamonds","Trinity ring, medium model, 18K white gold, 18K rose gold, 18K yellow gold, set with 144 brilliant-cut diamonds totaling 0.99 carats. Width: 4mm.",/content/dam/rcq/car/59/18/80/591880.png
 B4052700,rings,"Trinity ring, classic",1340.0,"white gold, yellow gold, pink gold","Trinity ring, medium model, 18K white gold, 18K rose gold, 18K yellow gold. Width: 3.53mm.",/content/dam/rcq/car/58/99/65/589965.png
 N4210700,rings,"Trinity ring, classic",33500.0,"white gold, yellow gold, pink gold, diamonds","Trinity ring, medium model, 18K white gold, 18K pink gold, 18K yellow gold, set with 432 brilliant-cut diamonds totaling 2.98 carats.",/content/dam/rcq/car/14/61/56/9/1461569.png
 B4209900,rings,Trinity wedding band,920.0,"white gold, pink gold, yellow gold","Trinity wedding band, width 2.5 mm, 18K pink gold, 18K white gold, 18K yellow gold.",/content/dam/rcq/car/73/93/14/739314.png
 B4086100,rings,"Trinity ring, small model",970.0,"white gold, yellow gold, pink gold","Trinity ring, small model, 18K white gold, 18K rose gold, 18K yellow gold. Width: 2.8mm.",/content/dam/rcq/car/59/22/77/592277.png
 B4095600,rings,"Trinity ring, classic ceramic",1260.0,"white gold, ceramic","Trinity, medium model ring, 18K white gold, black ceramic. TTO ring width and 3.5mm ceramic ring",/content/dam/rcq/car/56/73/40/567340.png
 B4052200,rings,Trinity wedding band,1290.0,"white gold, yellow gold, pink gold","Trinity wedding band, width 3.5 mm, 18K pink gold, 18K white gold, 18K yellow gold.",/content/dam/rcq/car/75/05/08/750508.png
 B4052100,rings,Trinity wedding band,1770.0,"white gold, yellow gold, pink gold","Trinity wedding band, width 4.8 mm, 18K pink gold, 18K white gold, 18K yellow gold.",/content/dam/rcq/car/75/52/67/755267.png
 B4222500,rings,Trinity wedding band,1890.0,white gold,"Trinity de Cartier wedding band, width 4.8 mm, 18K white gold.",/content/dam/rcq/car/14/37/81/3/1437813.png
 B4088500,rings,Trinity ring,2320.0,"white gold, yellow gold, pink gold, diamonds","Trinity ring, medium model, 18K white gold, 18K rose gold, 18K yellow gold, set with 5 brilliant-cut diamonds totaling 0.04 carats. Width: 3.5mm.",/content/dam/rcq/car/58/57/15/585715.png
 B4052800,rings,"Trinity ring, LM",2390.0,"white gold, yellow gold, pink gold","Trinity ring, large model, 18K white gold, 18K rose gold, 18K yellow gold. Width: 5.2mm.",/content/dam/rcq/car/58/62/83/586283.png
 B4038800,rings,Trinity ring,3850.0,"white gold, yellow gold, pink gold, diamonds","Trinity ring, medium model, 18K white gold, 18K rose gold, 18K yellow gold, set with 15 brilliant-cut diamonds totaling 0.18 carats. Width: 4mm.",/content/dam/rcq/car/11/69/13/6/1169136.png
 B4052900,rings,Trinity wedding band,3950.0,"white gold, yellow gold, pink gold, diamonds","Trinity wedding band, width 3.5 mm, 18K pink gold, 18K white gold, 18K yellow gold, set with 53 brilliant-cut diamonds totaling 0.23 carat.",/content/dam/rcq/car/59/25/66/592566.png
 B4099300,rings,Trinity Ruban wedding band,4350.0,"platinum, diamond","Trinity Ruban wedding band, 1 row, 950‰ platinum, set with 23 brilliant-cut diamonds totaling 0.22 carat. Width: 2.0 mm.",/content/dam/rcq/car/59/31/78/593178.png
 B4095500,rings,"Trinity ring, ceramic, SM",6300.0,"white gold, ceramic, diamonds","Trinity ring, small model, 18K white gold, black ceramic, set with 100 brilliant-cut diamonds totaling 0.45 carats. Width of the 3 rings 2.9mm.",/content/dam/rcq/car/59/16/02/591602.png
 B4086000,rings,"Trinity ring, small model",6450.0,"white gold, yellow gold, pink gold, diamonds","Trinity ring, small model, 18K white gold, 18K pink gold, 18K yellow gold, set with 102 brilliant-cut diamonds totaling 0.46 carat. All-gold ring width: 2.8 mm. Paved ring width: 2.9 mm.",/content/dam/rcq/car/58/51/01/585101.png
 B4099400,rings,Trinity Ruban wedding band,7050.0,"platinum, diamond","Trinity Ruban wedding band, 2 rows, 950‰ platinum, set with 49 brilliant-cut diamonds totaling 0.49 carats. Width: 2.5 mm.",/content/dam/rcq/car/56/25/33/562533.png
 N4227600,rings,"Trinity ring, small model",17700.0,"white gold, yellow gold, pink gold, diamonds","Trinity ring, small model, 18K white gold, 18K rose gold, 18K yellow gold, set with 300 brilliant-cut diamonds totaling 1.35 carats. Width: 2.9mm.",/content/dam/rcq/car/58/80/64/588064.png
 N4227100,rings,"Trinity ring, LM",18200.0,"white gold, ceramic, platinum, diamonds","Trinity ring, large model, 18K white gold, black ceramic, 950‰ platinum, set with 129 brilliant-cut diamonds totaling 1.54 carats.",/content/dam/rcq/car/58/61/69/586169.png
 N4242700,rings,"Trinity ring, ceramic, LM",18200.0,"white gold, diamonds, ceramic","Trinity ring, large model, 18K white gold, black ceramic, set with 129 brilliant-cut diamonds totaling 1.54 carats.",/content/dam/rcq/car/58/61/69/586169.png
 N4210800,rings,"Trinity ring, LM",43300.0,"white gold, yellow gold, pink gold, diamonds","Trinity ring, large model, 18K white gold, 18K pink gold, 18K yellow gold, set with 387 brilliant-cut diamonds totaling 4.64 carats.",/content/dam/rcq/car/14/61/56/3/1461563.png
 B4002300,rings,1895 wedding band,690.0,yellow gold,"1895 wedding band, width 2.5 mm, 18K yellow gold.",/content/dam/rcq/car/92/55/42/925542.png
 B4088100,rings,1895 wedding band,690.0,pink gold,"1895 wedding band, width 2.5 mm, 18K pink gold.",/content/dam/rcq/car/92/55/78/925578.png
 B4057600,rings,1895 wedding band,810.0,"yellow gold, diamond","1895 wedding band, width 2.6 mm, 18K yellow gold, set with a brilliant-cut diamond of 0.01 carat.",/content/dam/rcq/car/92/55/60/925560.png
 B4088200,rings,1895 wedding band,810.0,"pink gold, diamond","1895 wedding band, width 2.6 mm, 18K pink gold, set with a brilliant-cut diamond of 0.01 carat.",/content/dam/rcq/car/92/55/79/925579.png
 B4078000,rings,1895 wedding band,890.0,platinum,"1895 wedding band, width 2 mm, platinum 950‰.",/content/dam/rcq/car/98/46/51/984651.png
 B4031200,rings,1895 wedding band,970.0,yellow gold,"1895 wedding band, width 3.5 mm, 18K yellow gold.",/content/dam/rcq/car/92/55/50/925550.png
 B4096600,rings,1895 wedding band,970.0,pink gold,"1895 wedding band, width 3.5 mm, 18K pink gold.",/content/dam/rcq/car/92/55/80/925580.png
 B4012500,rings,1895 wedding band,1110.0,platinum,"1895 wedding band, width 2.5 mm, platinum 950‰.",/content/dam/rcq/car/92/55/44/925544.png
 B4031300,rings,1895 wedding band,1110.0,yellow gold,"1895 wedding band, width 4 mm, 18K yellow gold.",/content/dam/rcq/car/98/46/49/984649.png
 B4057700,rings,1895 wedding band,1300.0,"platinum, diamond","1895 wedding band, width 2.6 mm, platinum 950‰, set with a brilliant-cut diamond of 0.01 carat.",/content/dam/rcq/car/92/55/61/925561.png
 B4059600,rings,1895 wedding band,1380.0,yellow gold,"1895 wedding band, width 5 mm, 18K yellow gold.",/content/dam/rcq/car/92/55/64/925564.png
 B4036700,rings,1895 wedding band,1550.0,platinum,"1895 wedding band, width 3.5 mm, platinum 950‰.",/content/dam/rcq/car/92/55/51/925551.png
 B4058300,rings,1895 wedding band,1580.0,"platinum, diamonds","1895 wedding band, width 2.6 mm, platinum 950‰, set with 3 brilliant-cut diamonds totaling 0.03 carat.",/content/dam/rcq/car/92/55/62/925562.png
 B4036800,rings,1895 wedding band,1770.0,platinum,"1895 wedding band, width 4 mm, platinum 950‰.",/content/dam/rcq/car/98/46/50/984650.png
 B4071800,rings,1895 wedding band,2130.0,"platinum, diamond","1895 wedding band, width 3.5 mm, platinum 950‰, set with a brilliant-cut diamond of 0.04 carat.",/content/dam/rcq/car/92/55/67/925567.png
 B4059500,rings,1895 wedding band,2210.0,platinum,"1895 wedding band, width 5 mm, platinum 950‰.",/content/dam/rcq/car/92/55/63/925563.png
 B4071400,rings,1895 wedding band,4200.0,"platinum, diamonds","1895 wedding band, width 2.6 mm, platinum 950‰, set with 19 brilliant-cut diamonds totaling 0.27 carat.",/content/dam/rcq/car/58/94/79/589479.png
 B4077900,rings,Étincelle de Cartier wedding band,4850.0,"white gold, diamonds","Étincelle de Cartier wedding band, 18K white gold, set with 38 brilliant-cut diamonds totaling 0.47 carats. Width: 2 mm.",/content/dam/rcq/car/92/55/71/925571.png
 B4093700,rings,Cartier d'Amour wedding band,760.0,pink gold,"Cartier d'Amour wedding band, 18K pink gold. Width: 2.5 mm",/content/dam/rcq/car/58/71/86/587186.png
 B4094000,rings,Cartier d'Amour wedding band,880.0,platinum,"Cartier d'Amour wedding band, platinum 950‰. Width: 1.8 mm",/content/dam/rcq/car/10/61/47/8/1061478.png
 B4087200,rings,C de Cartier wedding band,1040.0,pink gold,"C de Cartier wedding band, width 3 mm, 18K pink gold.",/content/dam/rcq/car/92/55/77/925577.png
 B4232500,rings,C de Cartier wedding band,1040.0,pink gold,"C de Cartier wedding band, width 3 mm, 18K pink gold.",/content/dam/rcq/car/18/12/48/3/1812483.png
 B4093900,rings,Cartier d'Amour wedding band,1220.0,platinum,"Cartier d'Amour wedding band, platinum 950‰. Width 2.5 mm",/content/dam/rcq/car/59/25/64/592564.png
 B4071900,rings,Ballerine wedding band,1330.0,platinum,"Ballerine wedding band, width 2.1 mm, platinum 950‰.",/content/dam/rcq/car/92/55/68/925568.png
 B4086400,rings,C de Cartier wedding band,1330.0,"pink gold, diamond","C de Cartier wedding band, width 3 mm, 18K pink gold, set with a brilliant-cut diamond of 0.03 carat.",/content/dam/rcq/car/92/55/73/925573.png
 B4232300,rings,C de Cartier wedding band,1330.0,"pink gold, diamond","C de Cartier wedding band, 18K pink gold, set with a brilliant-cut diamond of 0.02 carats. Width: 3 mm.",/content/dam/rcq/car/18/12/57/5/1812575.png
 B4051100,rings,Logo de Cartier wedding band,1380.0,pink gold,"Logo de Cartier ring, 18K pink gold.",/content/dam/rcq/car/58/78/79/587879.png
 B4098000,rings,C de Cartier wedding band,1380.0,pink gold,"C de Cartier wedding band, width 4 mm, 18K pink gold.",/content/dam/rcq/car/59/23/61/592361.png
 B4092800,rings,Ballerine wedding band,1460.0,platinum,"Ballerine curved wedding band, width 2 mm, platinum 950‰.",/content/dam/rcq/car/58/69/70/586970.png
 B4050900,rings,Logo de Cartier wedding band,1480.0,white gold,"Logo de Cartier ring, 18K white gold.",/content/dam/rcq/car/58/39/71/583971.png
 B4077700,rings,Ballerine wedding band,1540.0,"platinum, diamond","Ballerine wedding band, width 2.1 mm, platinum 950‰, set with a brilliant-cut diamond of 0.01 carat.",/content/dam/rcq/car/92/55/69/925569.png
 B4232400,rings,C de Cartier wedding band,1650.0,platinum,"C de Cartier wedding band, width 3 mm, platinum 950‰.",/content/dam/rcq/car/18/12/48/2/1812482.png
 B4054000,rings,C de Cartier wedding band,1660.0,platinum,"C de Cartier wedding band, width 3 mm, platinum 950‰.",/content/dam/rcq/car/92/55/59/925559.png
 B4210700,rings,C de Cartier wedding band,1680.0,"pink gold, diamond","C de Cartier wedding band, width 4 mm, 18K pink gold, set with a brilliant-cut diamond of 0.03 carats.",/content/dam/rcq/car/73/67/26/736726.png
 B4092900,rings,Ballerine wedding band,1720.0,"platinum, diamonds","Ballerine curved wedding band, width 2 mm, platinum 950‰, set with 3 brilliant-cut diamonds totaling 0.01 carats.",/content/dam/rcq/car/58/79/94/587994.png
 B4051300,rings,C de Cartier wedding band,2130.0,"platinum, diamond","C de Cartier wedding band, width 3 mm, platinum 950‰, set with a brilliant-cut diamond of 0.03 carat.",/content/dam/rcq/car/92/55/58/925558.png
 B4232200,rings,C de Cartier wedding band,2130.0,"platinum, diamond","C de Cartier wedding band, 950‰ platinum, set with a brilliant-cut diamond of 0.02 carats. Width: 3 mm.",/content/dam/rcq/car/18/12/57/4/1812574.png
 B4098100,rings,C de Cartier wedding band,2210.0,platinum,"C de Cartier wedding band, width 4 mm, platinum 950‰.",/content/dam/rcq/car/58/79/63/587963.png
 B4210500,rings,Étincelle de Cartier wedding band,2410.0,"pink gold, diamonds","Étincelle de Cartier wedding band, 18K pink gold, set with 49 brilliant-cut diamonds totaling 0.22 carats. 1.52 mm wide. Also available as a midi ring.",/content/dam/rcq/car/72/01/75/720175.png
 B4212000,rings,Étincelle de Cartier wedding band,2410.0,"yellow gold, diamonds","Étincelle de Cartier wedding band, 18K yellow gold, set with 49 brilliant-cut diamonds totaling 0.22 carats. 1.52 mm wide. Also available as a midi ring.",/content/dam/rcq/car/90/25/83/902583.png
 B4224200,rings,Cartier d'Amour wedding band,2430.0,platinum,"Cartier d'Amour wedding band, width 5 mm, 950‰ platinum.",/content/dam/rcq/car/14/37/81/4/1437814.png
 B4210400,rings,Étincelle de Cartier wedding band,2580.0,"white gold, diamonds","Étincelle de Cartier wedding band, 18K white gold, set with 49 brilliant-cut diamonds totaling 0.22 carats. 1.52 mm wide. Also available as a midi ring.",/content/dam/rcq/car/67/72/85/677285.png
 B4077800,rings,C de Cartier wedding band,2610.0,"platinum, diamonds","C de Cartier wedding band, width 3 mm, platinum 950‰, set with 2 brilliant-cut diamonds totaling 0.07 carat.",/content/dam/rcq/car/92/55/70/925570.png
 B4093000,rings,Ballerine wedding band,2680.0,"platinum, diamonds","Ballerine curved wedding band, width 2 mm, platinum 950‰, set with 27 brilliant-cut diamonds totaling 0.09 carats.",/content/dam/rcq/car/58/80/25/588025.png
 B4098200,rings,C de Cartier wedding band,2680.0,"platinum, diamond","C de Cartier wedding band, width 4 mm, platinum 950‰, set with a brilliant-cut diamond of 0.03 carats.",/content/dam/rcq/car/58/79/32/587932.png
 B4210100,rings,C de Cartier wedding band,2760.0,platinum,"C de Cartier wedding band, width 5 mm, 950‰ platinum.",/content/dam/rcq/car/73/93/15/739315.png
 B4224300,rings,Cartier d'Amour wedding band,2910.0,platinum,"Cartier d'Amour wedding band, width 6 mm, 950‰ platinum.",/content/dam/rcq/car/14/37/81/5/1437815.png
 B4216700,rings,Etincelle de Cartier ring,2990.0,"pink gold, diamonds","Étincelle de Cartier ring, 18K pink gold, set with an emerald-cut diamond center stone of 0.18 carat and 22 brilliant-cut diamonds totaling 0.10 carat.",/content/dam/rcq/car/10/54/13/2/1054132.png
 B4230400,rings,Etincelle de Cartier ring,2990.0,"pink gold, diamonds","Étincelle de Cartier ring, 18K pink gold, set with an emerald-cut diamond center stone of 0.16 carat and 22 brilliant-cut diamonds totaling 0.10 carat.",/content/dam/rcq/car/20/13/55/9/2013559.png
 B4232900,rings,Etincelle de Cartier ring,2990.0,"yellow gold, diamonds","Étincelle de Cartier ring, 18K yellow gold, set with a princess-cut diamond center stone of 0.16 carats, and set with brilliant-cut pavé diamonds.",/content/dam/rcq/car/20/13/56/4/2013564.png
 B4221800,rings,Étincelle de Cartier wedding band,3200.0,"pink gold, diamonds","Etincelle de Cartier wedding band, 18K pink gold, set with 22 brilliant-cut diamonds totaling 0.27 carat. Width 2.0 mm.",/content/dam/rcq/car/17/07/89/3/1707893.png
 B4225700,rings,Etincelle de Cartier ring,3200.0,"white gold, diamonds","Étincelle de Cartier ring, 18K white gold, set with an emerald-cut diamond center stone of 0.18 carat and 22 brilliant-cut diamonds totaling 0.10 carat.",/content/dam/rcq/car/19/68/05/5/1968055.png
 B4210200,rings,C de Cartier wedding band,3350.0,"platinum, diamond","C de Cartier wedding band, width 5 mm, 950‰ platinum, set with a brilliant-cut diamond of 0.04 carats.",/content/dam/rcq/car/73/93/16/739316.png
 B4221900,rings,Étincelle de Cartier wedding band,3500.0,"platinum, diamonds","Etincelle de Cartier wedding band, 950‰ platinum, set with 22 brilliant-cut diamonds totaling 0.27 carat. Width 2.00 mm.",/content/dam/rcq/car/17/07/89/5/1707895.png
 B4232000,rings,Étincelle de Cartier wedding band,4400.0,"platinum, sapphires, diamonds","Étincelle de Cartier wedding band, 950‰ platinum, set with 19 brilliant-cut diamonds totaling 0.24 carat and 19 brilliant-cut sapphires totaling 0.34 carat. Width: 2 mm.",/content/dam/rcq/car/19/42/51/9/1942519.png
 B4223200,rings,Etincelle de Cartier ring,4500.0,"white gold, diamonds","Etincelle de Cartier ring, 18K white gold, set with 26 brilliant-cut diamonds totaling 0.36 carats.",/content/dam/rcq/car/15/23/21/2/1523212.png
 B4086300,rings,Étincelle de Cartier wedding band,4550.0,"yellow gold, diamonds","Étincelle de Cartier wedding band, 18K yellow gold, set with 38 brilliant-cut diamonds totaling 0.47 carats. Width: 2 mm.",/content/dam/rcq/car/92/55/72/925572.png
 B4086500,rings,Étincelle de Cartier wedding band,4550.0,"pink gold, diamonds","Étincelle de Cartier wedding band, 18K pink gold, set with 38 brilliant-cut diamonds totaling 0.47 carats. Width: 2 mm.",/content/dam/rcq/car/92/55/74/925574.png
 B4225000,rings,Etincelle de Cartier ring,5000.0,"pink gold, diamonds","Etincelle de Cartier ring, 18K pink gold, set with 25 brilliant-cut diamonds totaling 0.48 carats.",/content/dam/rcq/car/14/66/15/0/1466150.png
 B4072000,rings,Ballerine wedding band,5050.0,"platinum, diamonds","Ballerine wedding band, width 2.4 mm, platinum 950‰, set with 39 brilliant-cut diamonds totaling 0.38 carat.",/content/dam/rcq/car/58/62/65/586265.png
 B4224900,rings,Etincelle de Cartier ring,5350.0,"white gold, diamonds","Etincelle de Cartier ring, 18K white gold, set with 25 brilliant-cut diamonds totaling 0.48 carats.",/content/dam/rcq/car/14/66/14/9/1466149.png
 B4216400,rings,Étincelle de Cartier wedding band,5450.0,"pink gold, diamonds","Etincelle de Cartier wedding band, 18K pink gold, set with 16 brilliant-cut diamonds totaling 0.51 carat. Width 2.6 mm.",/content/dam/rcq/car/17/07/88/7/1707887.png
 B4216300,rings,Étincelle de Cartier wedding band,5950.0,"platinum, diamonds","Etincelle de Cartier wedding band, 950‰ platinum, set with 16 brilliant-cut diamonds totaling 0.51 carat. Width 2.6 mm.",/content/dam/rcq/car/17/07/88/5/1707885.png
 B4095700,rings,Etincelle de Cartier ring,6100.0,"pink gold, diamonds","Etincelle de Cartier ring, 18K pink gold, set with 17 brilliant-cut diamonds totaling 0.48 carats.",/content/dam/rcq/car/57/38/22/573822.png
 B4095800,rings,Etincelle de Cartier ring,6550.0,"white gold, diamonds","Étincelle de Cartier ring, 18K white gold, set with 17 brilliant-cut diamonds totaling 0.49 carat.",/content/dam/rcq/car/57/38/21/573821.png
 B4223000,rings,Etincelle de Cartier ring,6650.0,"pink gold, diamonds","Etincelle de Cartier ring, 18K pink gold, set with 46 brilliant-cut diamonds totaling 0.63 carats.",/content/dam/rcq/car/14/62/30/2/1462302.png
 B4223100,rings,Etincelle de Cartier ring,7100.0,"white gold, diamonds","Etincelle de Cartier ring, 18K white gold, set with 46 brilliant-cut diamonds totaling 0.63 carats.",/content/dam/rcq/car/14/62/30/3/1462303.png
 B4220500,rings,"Étincelle de Cartier ring, small model",7650.0,"yellow gold, diamonds","Étincelle de Cartier ring, small model, 18K yellow gold, set with 55 brilliant-cut diamonds totaling 1.00 carat.",/content/dam/rcq/car/14/72/27/2/1472272.png
 B4220600,rings,"Étincelle de Cartier ring, small model",7650.0,"pink gold, diamonds","Étincelle de Cartier ring, small model, 18K pink gold, set with 55 brilliant-cut diamonds totaling 1.00 carat.",/content/dam/rcq/car/14/72/27/3/1472273.png
 B4232100,rings,Étincelle de Cartier wedding band,7700.0,"platinum, sapphires, diamonds","Étincelle de Cartier wedding band, 950‰ platinum, set with 14 brilliant-cut diamonds totaling 0.45 carats and 14 brilliant-cut sapphires totaling 0.63 carats. Width 2.6 mm.",/content/dam/rcq/car/19/42/52/0/1942520.png
 B4087000,rings,Étincelle de Cartier wedding band,7800.0,"yellow gold, diamonds","Étincelle de Cartier wedding band, 18K yellow gold, set with 29 brilliant-cut diamonds totaling 0.94 carats. Width: 2.6 mm.",/content/dam/rcq/car/92/55/75/925575.png
 B4210600,rings,Étincelle de Cartier wedding band,7800.0,"pink gold, diamonds","Étincelle de Cartier wedding band, 18K pink gold, set with 29 brilliant-cut diamonds totaling 0.94 carats. Width: 2.6 mm.",/content/dam/rcq/car/73/93/18/739318.png
 B4216800,rings,"Étincelle de Cartier ring, small model",8150.0,"white gold, diamonds","Étincelle de Cartier ring, small model, 18K white gold, set with 55 brilliant-cut diamonds totaling 1.00 carat.",/content/dam/rcq/car/10/54/90/7/1054907.png
 B4087100,rings,Étincelle de Cartier wedding band,8550.0,"platinum, diamonds","Étincelle de Cartier wedding band, 950‰ platinum, set with 29 brilliant-cut diamonds totaling 0.94 carats. Width: 2.6 mm.",/content/dam/rcq/car/92/55/76/925576.png
 N4766000,rings,Etincelle de Cartier ring,8750.0,"pink gold, diamonds","Étincelle de Cartier ring, 18K pink gold, set with 52 brilliant-cut pavé diamonds totaling 0.81 carats.",/content/dam/rcq/car/18/11/97/7/1811977.png
 B4216600,rings,Étincelle de Cartier wedding band,8950.0,"pink gold, diamonds","Etincelle de Cartier wedding band, 18K pink gold, set with 14 brilliant-cut diamonds totaling 0.94 carat. Width 3.5 mm.",/content/dam/rcq/car/17/07/89/1/1707891.png
 N4753200,rings,Etincelle de Cartier ring,9350.0,"white gold, diamonds","Étincelle de Cartier ring, 18K white gold, set with 52 brilliant-cut diamonds totaling 0.81 carat.",/content/dam/rcq/car/16/49/51/2/1649512.png
 N4722700,rings,Cartier Destinée wedding band,9650.0,"pink gold, diamonds","Cartier Destinée wedding band, width 3.27 mm, 18K pink gold, set with 22 brilliant-cut diamonds totaling 1.34 carats.",/content/dam/rcq/car/74/35/09/743509.png
 B4091200,rings,Etincelle de Cartier ring,9800.0,"pink gold, diamonds","Étincelle de Cartier ring, 18K pink gold, set with 69 brilliant-cut diamonds totaling 1.33 carats.",/content/dam/rcq/car/58/91/56/589156.png
 B4192300,rings,Etincelle de Cartier ring,9800.0,"yellow gold, diamonds","Étincelle de Cartier ring, 18K yellow gold, set with 69 brilliant-cut diamonds totaling 1.33 carats.",/content/dam/rcq/car/10/61/48/1/1061481.png
 B4216500,rings,Étincelle de Cartier wedding band,9850.0,"platinum, diamonds","Etincelle de Cartier wedding band, 950‰ platinum, set with 14 brilliant-cut diamonds totaling 0.94 carats. Width 3.5 mm.",/content/dam/rcq/car/17/07/88/9/1707889.png
 N4243000,rings,Etincelle de Cartier ring,10300.0,"white gold, diamonds","Étincelle de Cartier ring, 18K white gold, set with 81 brilliant-cut diamonds totaling 0.66 carat.",/content/dam/rcq/car/58/79/87/587987.png
 B4192400,rings,Etincelle de Cartier ring,10500.0,"white gold, diamonds","Étincelle de Cartier ring, 18K white gold, set with 69 brilliant-cut diamonds totaling 1.33 carats.",/content/dam/rcq/car/10/61/48/2/1061482.png
 N4127300,rings,Cartier Destinée wedding band,10700.0,"platinum, diamonds","Cartier Destinée wedding band, width 3.3 mm, platinum 950‰, set with 22 brilliant-cut diamonds totaling 1.34 carats.",/content/dam/rcq/car/14/73/13/8/1473138.png
 N4752700,rings,Reflection de Cartier ring,12500.0,"white gold, diamonds","Reflection de Cartier ring, 18K white gold, set with 1 troidia-cut diamond, 1 princess-cut diamond and 6 baguette-cut diamonds totaling 0.88 carats.",/content/dam/rcq/car/16/49/50/9/1649509.png
 N4753300,rings,Etincelle de Cartier ring,15600.0,"white gold, diamonds","Étincelle de Cartier ring, 18K white gold, set with 88 brilliant-cut diamonds totaling 1.06 carat.",/content/dam/rcq/car/16/40/27/5/1640275.png
 N4748100,rings,Coup d'Éclat de Cartier ring,18600.0,"yellow gold, diamonds","Coup d'Eclat de Cartier ring, 18K yellow gold, set with 55 brilliant-cut diamonds totaling 1.04 carats.",/content/dam/rcq/car/14/37/91/2/1437912.png
 N4744800,rings,Coup d'Éclat de Cartier ring,19800.0,"white gold, diamonds","Coup d'Éclat de Cartier ring, 18K white gold, set with 55 brilliant-cut diamonds totaling 1.04 carats.",/content/dam/rcq/car/10/54/26/3/1054263.png
 N4752500,rings,Reflection de Cartier ring,23000.0,"white gold, diamonds","Reflection de Cartier ring, 18K white gold, set with 11 baguette-cut diamonds totaling 1.24 carats and 22 brilliant-cut diamonds totaling 1.05 carats.",/content/dam/rcq/car/16/49/50/8/1649508.png
 N4748200,rings,Coup d'Éclat de Cartier ring,30800.0,"yellow gold, diamonds","Coup d'Eclat de Cartier ring, 18K yellow gold, set with 189 brilliant-cut diamonds totaling 1.56 carats.",/content/dam/rcq/car/15/23/21/5/1523215.png
 N4745100,rings,Coup d'Éclat de Cartier ring,35800.0,"white gold, diamonds","Coup d'Éclat de Cartier ring, 18K white gold, set with 87 brilliant-cut diamonds totaling 1.45 carats.",/content/dam/rcq/car/10/54/32/7/1054327.png
 N4745000,rings,Coup d'Éclat de Cartier ring,37000.0,"white gold, diamonds","Coup d'Éclat de Cartier ring, 18K white gold, set with 171 brilliant-cut diamonds totaling 2.58 carats.",/content/dam/rcq/car/10/54/31/7/1054317.png
 H4315200,rings,Reflection de Cartier ring,38800.0,"white gold, diamonds","Reflection de Cartier ring, 18K white gold, set with 16 brilliant-cut diamonds totaling 1.02 carats, and 12 baguette-cut diamonds totaling 1.13 carats.",/content/dam/rcq/car/14/65/51/9/1465519.png
 N4745200,rings,Coup d'Éclat de Cartier ring,44400.0,"white gold, diamonds","Coup d'Éclat de Cartier ring, 18K white gold, set with 302 brilliant-cut diamonds totaling 2.32 carats.",/content/dam/rcq/car/10/54/26/6/1054266.png
 N4249900,rings,Reflection de Cartier wedding band,53500.0,"white gold, diamonds","Reflection de Cartier wedding band, 18K white gold, set with 36 brilliant-cut diamonds totaling 1.58 carats, and with 18 baguette-cut diamonds totaling 1.94 carats",/content/dam/rcq/car/74/70/93/747093.png
 N4752200,rings,Coup d'Éclat de Cartier ring,16800.0,"yellow gold, diamonds","Coup d'Eclat de Cartier ring, 18K yellow gold, set with 40 brilliant-cut diamonds totaling 0.71 carats.",/content/dam/rcq/car/15/69/25/1/1569251.png
 H4345500,rings,Essential Lines ring,45600.0,"white gold, diamonds","Essential Lines ring, 18K white gold, set with 120 brilliant-cut diamonds totaling 7.16 carats.",/content/dam/rcq/car/17/64/45/7/1764457.png
 H4333700,rings,Reflection de Cartier ring,80000.0,"white gold, diamonds","Large model Reflection de Cartier ring, 18K white gold, set with 36 baguette-cut diamonds totaling 4.35 carats, 3 princess-cut diamonds totaling 0.51 carats and 2 troidia-cut diamonds totaling 0.45 carats.",/content/dam/rcq/car/16/36/72/8/1636728.png
 B4094800,rings,Juste un Clou ring,3800.0,"pink gold, diamonds","Juste un Clou ring, 18K rose gold, set with 22 brilliant-cut diamonds totaling 0.13 carats. Width: 2.65mm.",/content/dam/rcq/car/58/99/46/589946.png
 B4216900,rings,Juste un Clou ring,3800.0,"yellow gold, diamonds","Juste un Clou ring, 18K yellow gold, set with 22 brilliant-cut diamonds totaling 0.13 carats. Width: 2.65mm.",/content/dam/rcq/car/10/54/36/9/1054369.png
 B4225800,rings,Juste un Clou ring SM,1120.0,pink gold,"Juste un Clou ring, small model, 18K rose gold. Width: 1.8mm.",/content/dam/rcq/car/17/02/54/2/1702542.png
 B4225900,rings,Juste un Clou ring SM,1120.0,yellow gold,"Juste un Clou ring, small model, 18K yellow gold. Width: 1.8mm.",/content/dam/rcq/car/17/02/54/3/1702543.png
 B4226000,rings,Juste un Clou ring SM,1200.0,white gold,"Juste un Clou ring, small model, 18K white gold. Width: 1.8mm.",/content/dam/rcq/car/17/02/54/4/1702544.png
 B4092500,rings,Juste un Clou ring,2270.0,pink gold,"Juste un Clou ring, 18K rose gold. Width: 2.65mm.",/content/dam/rcq/car/58/74/19/587419.png
 B4092600,rings,Juste un Clou ring,2270.0,yellow gold,"Juste un Clou ring, 18K yellow gold. Width: 2.65mm.",/content/dam/rcq/car/58/45/42/584542.png
 B4099200,rings,Juste un Clou ring,2430.0,white gold,"Juste un Clou ring, 18K white gold, rhodium-finish Width: 2.65mm.",/content/dam/rcq/car/58/90/45/589045.png
 B4210800,rings,Juste un Clou ring,4000.0,"pink gold, diamonds","Juste un Clou ring, 18K rose gold, set with 14 brilliant-cut diamonds totaling 0.08 carats. Width: 1.8mm.",/content/dam/rcq/car/10/40/71/9/1040719.png
 B4092700,rings,Juste un Clou ring,4050.0,"white gold, diamonds","Juste un Clou ring, 18K white gold, set with 22 brilliant-cut diamonds totaling 0.13 carats. Width: 2.65mm.",/content/dam/rcq/car/58/50/71/585071.png
 B4211000,rings,Juste un Clou ring,4300.0,"white gold, diamonds","Juste un Clou ring, 18K white gold, set with 14 brilliant-cut diamonds totaling 0.08 carats. Width: 1.8mm.",/content/dam/rcq/car/10/40/72/1/1040721.png
 B4210900,rings,Juste un Clou ring,9850.0,"pink gold, diamonds","Juste un Clou ring, 18K pink gold, set with 77 brilliant-cut diamonds totaling 0.59 carats.",/content/dam/rcq/car/16/51/03/6/1651036.png
 B4211900,rings,Juste un Clou ring,9850.0,"yellow gold, diamonds","Juste un Clou ring, 18K yellow gold, set with 77 brilliant-cut diamonds totaling 0.59 carats. Width: 1.8mm.",/content/dam/rcq/car/10/22/63/1/1022631.png
 B4211100,rings,Juste un Clou ring,10600.0,"white gold, diamonds","Juste un Clou ring, 18K white gold, set with 77 brilliant-cut diamonds totaling 0.59 carats.",/content/dam/rcq/car/16/51/03/8/1651038.png
 B4059900,rings,Tank Française ring,2210.0,white gold,"Tank Française ring, small model, 18K white gold. 6 mm wide (7 mm from size 60).",/content/dam/rcq/car/92/55/65/925565.png
 B4079800,rings,Maillon Panthère wedding band,1130.0,pink gold,"Maillon Panthère wedding band, 18K pink gold.",/content/dam/rcq/car/58/40/63/584063.png
 B4079900,rings,Maillon Panthère wedding band,1130.0,yellow gold,"Maillon Panthère wedding band, 18K yellow gold.",/content/dam/rcq/car/59/10/09/591009.png
 B4083500,rings,Maillon Panthère wedding band,1210.0,white gold,"Maillon Panthère wedding band, 18K white gold.",/content/dam/rcq/car/59/38/47/593847.png
 B4080300,rings,Maillon Panthère wedding band,1780.0,"yellow gold, diamonds","Maillon Panthère wedding band, 18K yellow gold, set with 4 brilliant-cut diamonds totaling 0.05 carat.",/content/dam/rcq/car/58/84/31/588431.png
 B4080500,rings,Maillon Panthère wedding band,1780.0,"pink gold, diamonds","Maillon Panthère wedding band, 18K pink gold, set with 4 brilliant-cut diamonds totaling 0.05 carat.",/content/dam/rcq/car/59/30/19/593019.png
 B4080400,rings,Maillon Panthère wedding band,1900.0,"white gold, diamonds","Maillon Panthère wedding band, 18K white gold, set with 4 brilliant-cut diamonds totaling 0.05 carat.",/content/dam/rcq/car/58/88/92/588892.png
 B4230600,rings,Maillon Panthère ring,2110.0,yellow gold,"Maillon Panthère ring, 18K yellow gold.",/content/dam/rcq/car/18/11/96/0/1811960.png
 B4221100,rings,Maillon Panthère wedding band,3100.0,"yellow gold, diamonds","Maillon Panthère wedding band, 18K yellow gold, set with 12 brilliant-cut diamonds totaling 0.15 carats.",/content/dam/rcq/car/15/23/20/3/1523203.png
 B4221200,rings,Maillon Panthère wedding band,3100.0,"pink gold, diamonds","Maillon Panthère wedding band, 18K pink gold, set with 12 brilliant-cut diamonds totaling 0.15 carats.",/content/dam/rcq/car/15/23/20/7/1523207.png
 B4221000,rings,Maillon Panthère wedding band,3300.0,"white gold, diamonds","Maillon Panthère wedding band, 18K white gold, set with 12 brilliant-cut diamonds totaling 0.15 carats.",/content/dam/rcq/car/15/23/19/6/1523196.png
 B4230700,rings,Maillon Panthère ring,3500.0,yellow gold,"Maillon Panthère ring, 18K yellow gold.",/content/dam/rcq/car/18/11/96/1/1811961.png
 B4098800,rings,"Maillon Panthère thin wedding band, 2 half diamond-paved rows",5000.0,"pink gold, diamonds","Maillon Panthère wedding band, 18K pink gold, set with 42 brilliant-cut diamonds totaling 0.30 carat.",/content/dam/rcq/car/58/45/89/584589.png
 B4216000,rings,Maillon Panthère ring,5000.0,"yellow gold, diamonds","Maillon Panthère wedding band, 18K yellow gold, set with 42 brilliant-cut diamonds totaling 0.3 carats.",/content/dam/rcq/car/14/37/31/7/1437317.png
 B4098900,rings,"Maillon Panthère thin wedding band, 2 half diamond-paved rows",5350.0,"white gold, diamonds","Maillon Panthère wedding band, 18K white gold, set with 42 brilliant-cut diamonds totaling 0.30 carat.",/content/dam/rcq/car/58/72/52/587252.png
 B4095300,rings,"Maillon Panthère ring, 3 half diamond-paved rows",7850.0,"pink gold, diamonds","Maillon Panthère ring, 18K pink gold, set with 35 brilliant-cut diamonds totaling 0.53 carat.",/content/dam/rcq/car/58/52/68/585268.png
 B4127100,rings,"Maillon Panthère ring, 3 half diamond-paved rows",7850.0,"yellow gold, diamonds","Maillon Panthère ring, 18K yellow gold, set with 35 brilliant-cut diamonds totaling 0.53 carat.",/content/dam/rcq/car/15/55/68/6/1555686.png
 B4127200,rings,"Maillon Panthère ring, 3 half diamond-paved rows",8400.0,"white gold, diamonds","Maillon Panthère ring, 18K white gold, set with 35 brilliant-cut diamonds totaling 0.53 carat.",/content/dam/rcq/car/15/55/68/7/1555687.png
 B4111700,rings,"Maillon Panthère ring, 3 diamond-paved rows",14900.0,"white gold, diamonds","Maillon Panthère ring, 18K white gold, set with 90 brilliant-cut diamonds totaling 1.37 carats.",/content/dam/rcq/car/15/55/68/5/1555685.png
 B4227400,rings,Ecrou de Cartier ring,2360.0,white gold,"Ecrou de Cartier ring, 18K white gold.",/content/dam/rcq/car/16/43/46/6/1643466.png
 B4227200,rings,Ecrou de Cartier ring,2210.0,yellow gold,"Ecrou de Cartier ring, 18K yellow gold.",/content/dam/rcq/car/16/43/46/4/1643464.png
 B4227300,rings,Ecrou de Cartier ring,2210.0,pink gold,"Ecrou de Cartier ring, 18K pink gold.",/content/dam/rcq/car/16/43/46/5/1643465.png
 N4764900,rings,Ecrou de Cartier ring,14800.0,"pink gold, diamonds","Ecrou de Cartier ring, 18K pink gold, set with 30 baguette-cut diamonds totaling 1.21 carats.",/content/dam/rcq/car/18/25/31/7/1825317.png
 N4752900,rings,Pluie de Cartier ring,11500.0,"white gold, diamonds","Pluie de Cartier ring, 18K white gold, set with 17 brilliant-cut diamonds totaling 1.06 carat.",/content/dam/rcq/car/16/48/33/5/1648335.png
 N4753000,rings,Pluie de Cartier ring,30800.0,"white gold, diamonds","Pluie de Cartier ring, 18K white gold, set with 5 pear-shaped diamonds totaling 1.45 carats and 18 brilliant-cut diamonds totaling 0.86 carat.",/content/dam/rcq/car/16/49/51/1/1649511.png
 N4752800,rings,Pluie de Cartier ring,49300.0,"white gold, diamonds","Pluie de Cartier wedding band, 18K white gold, set with 90 brilliant-cut diamonds totaling 5.20 carats.",/content/dam/rcq/car/16/49/51/0/1649510.png
 B4226300,rings,Goldmaster de Cartier ring,3650.0,yellow gold,"Goldmaster de Cartier ring, 18K yellow gold.",/content/dam/rcq/car/17/03/59/1/1703591.png
 B4226400,rings,Goldmaster de Cartier ring,3750.0,yellow gold,"Goldmaster de Cartier ring, 18K yellow gold.",/content/dam/rcq/car/17/03/59/3/1703593.png
 B4226200,rings,Goldmaster de Cartier ring,4150.0,yellow gold,"Goldmaster de Cartier ring, 18K yellow gold.",/content/dam/rcq/car/17/03/58/9/1703589.png
 B4229900,rings,Clash de Cartier ring Medium Model,3050.0,pink gold,"Clash de Cartier ring, medium model, 18K pink gold. Width: 8mm",/content/dam/rcq/car/18/12/46/0/1812460.png
 B4229800,rings,Clash de Cartier ring Small Model,2120.0,pink gold,"Clash de Cartier ring, small model, 18K pink gold. Width: 6.4mm",/content/dam/rcq/car/18/11/84/2/1811842.png
 B4233100,rings,Clash de Cartier ring Small Model,2270.0,white gold,"Clash de Cartier ring, small model, rhodiumized 18K white gold. Width: 6.4 mm.",/content/dam/rcq/car/18/11/84/5/1811845.png
 B4231100,rings,Clash de Cartier ring Medium Model,3300.0,white gold,"Clash de Cartier ring, medium model, non-rhodiumized 18K white gold. Width: 8 mm.",/content/dam/rcq/car/18/11/84/3/1811843.png
 B4233000,rings,Clash de Cartier ring Medium Model,3300.0,white gold,"Clash de Cartier ring, medium model, rhodiumized 18K white gold. Width: 8 mm.",/content/dam/rcq/car/18/11/84/4/1811844.png
 N4765400,rings,Clash de Cartier ring Diamonds,8500.0,"pink gold, diamonds","Clash de Cartier ring, 18K pink gold, set with 18 brilliant-cut diamonds totaling 0.53 carats. Width: 6.8mm",/content/dam/rcq/car/18/09/15/1/1809151.png
 N4777300,rings,Clash de Cartier ring Large Model,12500.0,"pink gold, amazonite","Clash de Cartier ring, large model, 18K pink gold, amazonite.",/content/dam/rcq/car/20/25/59/8/2025598.png
 N4765300,rings,Clash de Cartier ring XL Model,11200.0,"yellow gold, coral","Clash de Cartier ring, XL model, 18K yellow gold, coral. Width: 17.7mm

